timestamp,point_id,lat,lon,bus_count,hour,day_of_week,time_of_day
2026-03-15 09:22:16.450751,1,51.129997002139326,71.43493875587703,0,9,Sunday,morning_peak
2026-03-15 09:22:16.450751,2,51.12056235244784,71.4595900478725,0,9,Sunday,morning_peak
2026-03-15 09:22:16.450751,3,51.13045235070032,71.45163906334658,0,9,Sunday,morning_peak
2026-03-15 09:22:16.450751,4,51.11902468326067,71.40164795547807,0,9,Sunday,morning_peak
2026-03-15 09:22:16.450751,5,51.13633181921887,71.46723039978559,0,9,Sunday,morning_peak
2026-03-15 09:22:16.450751,6,51.12425371408352,71.42270702895317,0,9,Sunday,morning_peak
2026-03-15 09:22:16.450751,7,51.15688693523335,71.47993127094121,0,9,Sunday,morning_peak
2026-03-15 09:22:16.450751,8,51.1474977520045,71.38018379834575,0,9,Sunday,morning_peak
2026-03-15 09:22:16.450751,9,51.13300460392041,71.41430075570399,0,9,Sunday,morning_peak
2026-03-15 09:22:16.450751,10,51.11941566179587,71.47102989812034,0,9,Sunday,morning_peak
2026-03-15 09:22:16.450751,11,51.09790180538443,71.59652494184468,0,9,Sunday,morning_peak
2026-03-15 09:22:16.450751,12,51.1499134598317,71.41270968027483,0,9,Sunday,morning_peak
2026-03-15 09:22:16.450751,13,51.15345729544345,71.43281672167949,0,9,Sunday,morning_peak
2026-03-15 09:22:16.450751,14,51.108601415685165,71.46275845922898,0,9,Sunday,morning_peak
2026-03-15 09:22:16.450751,15,51.23664608671714,71.56105555792736,0,9,Sunday,morning_peak
2026-03-15 09:22:16.450751,16,51.084320668757286,71.58521209792805,0,9,Sunday,morning_peak
2026-03-15 09:22:16.450751,17,51.16797263634855,71.62065444916988,0,9,Sunday,morning_peak
2026-03-15 09:22:16.450751,18,51.02545803175862,71.33229201644178,0,9,Sunday,morning_peak
2026-03-15 09:22:16.450751,19,51.15282951968359,71.49063208882426,0,9,Sunday,morning_peak
2026-03-15 09:22:16.450751,20,51.09869367650813,71.23891767359538,0,9,Sunday,morning_peak
2026-03-15 09:22:16.450751,21,51.149574078909495,71.36074957998323,0,9,Sunday,morning_peak
2026-03-15 09:22:16.450751,22,51.2016033377671,71.30533507963851,0,9,Sunday,morning_peak
2026-03-15 09:22:16.450751,23,51.25829559300119,71.3892400677479,0,9,Sunday,morning_peak
2026-03-15 09:22:16.450751,24,51.15052610378445,71.45674579649749,0,9,Sunday,morning_peak
2026-03-15 09:22:16.450751,25,51.18066663295088,71.44296258228712,0,9,Sunday,morning_peak
2026-03-15 09:22:16.450751,26,51.26293276766118,71.46072607144143,0,9,Sunday,morning_peak
2026-03-15 09:22:16.450751,27,51.14186262990609,71.48464224667617,0,9,Sunday,morning_peak
2026-03-15 09:22:16.450751,28,51.138292479047145,71.40011345151218,0,9,Sunday,morning_peak
2026-03-15 09:22:16.450751,29,51.06452782333768,71.259951045057,0,9,Sunday,morning_peak
2026-03-15 09:22:16.450751,30,51.12393551035743,71.41271371008821,0,9,Sunday,morning_peak
2026-03-15 09:22:16.450751,31,51.055179145917215,71.54425284281608,0,9,Sunday,morning_peak
2026-03-15 09:22:16.450751,32,51.13885345542799,71.5271881947702,0,9,Sunday,morning_peak
2026-03-15 09:22:16.450751,33,51.04065995396283,71.27422642372176,0,9,Sunday,morning_peak
2026-03-15 09:22:16.450751,34,51.09980718649101,71.42839390352944,0,9,Sunday,morning_peak
2026-03-15 09:22:16.450751,35,51.07133628397446,71.39438164392797,0,9,Sunday,morning_peak
2026-03-15 09:22:16.450751,36,51.07612420917142,71.38744405113056,0,9,Sunday,morning_peak
2026-03-15 09:22:16.450751,37,51.25411425161103,71.50057970359852,0,9,Sunday,morning_peak
2026-03-15 09:22:16.450751,38,51.127954623230885,71.49363873911588,0,9,Sunday,morning_peak
2026-03-15 09:22:16.450751,39,51.06566359238193,71.56858487381702,0,9,Sunday,morning_peak
2026-03-15 09:22:16.450751,40,51.0501418013827,71.49979121443306,0,9,Sunday,morning_peak
2026-03-15 09:22:16.450751,41,51.14443060192252,71.42078652892864,0,9,Sunday,morning_peak
2026-03-15 09:22:16.450751,42,51.14884303708029,71.50102425895071,0,9,Sunday,morning_peak
2026-03-15 09:22:16.450751,43,51.10996469587565,71.39840229519473,0,9,Sunday,morning_peak
2026-03-15 09:22:16.450751,44,51.02155898199707,71.38320098382663,0,9,Sunday,morning_peak
2026-03-15 09:22:16.450751,45,51.12805230803853,71.46778946703212,0,9,Sunday,morning_peak
2026-03-15 09:22:16.450751,46,51.10478922721147,71.2350502456988,0,9,Sunday,morning_peak
2026-03-15 09:22:16.450751,47,51.14800249704062,71.44472220103003,0,9,Sunday,morning_peak
2026-03-15 09:22:16.450751,48,51.16769091123584,71.4084951354207,0,9,Sunday,morning_peak
2026-03-15 09:22:16.450751,49,51.11730144114723,71.49794117824175,0,9,Sunday,morning_peak
2026-03-15 09:22:16.450751,50,51.14585163712196,71.33974327515008,0,9,Sunday,morning_peak
2026-03-15 09:22:16.450751,51,51.02390887193969,71.41642105300355,0,9,Sunday,morning_peak
2026-03-15 09:22:16.450751,52,51.211705114558136,71.31594858711016,0,9,Sunday,morning_peak
2026-03-15 09:22:16.450751,53,51.05498201751052,71.39029098353035,0,9,Sunday,morning_peak
2026-03-15 09:22:16.450751,54,51.08600000469821,71.39006702588605,0,9,Sunday,morning_peak
2026-03-15 09:22:16.450751,55,51.261350429685066,71.4073959988934,0,9,Sunday,morning_peak
2026-03-15 09:22:16.450751,56,51.11549200957015,71.42364108883535,0,9,Sunday,morning_peak
2026-03-15 09:22:16.450751,57,51.251935130521126,71.35146655868839,0,9,Sunday,morning_peak
2026-03-15 09:22:16.450751,58,51.15090904434154,71.24924262918628,0,9,Sunday,morning_peak
2026-03-15 09:22:16.450751,59,51.17243039908839,71.43411378095867,0,9,Sunday,morning_peak
2026-03-15 09:22:16.450751,60,51.028331219442,71.43194760080789,0,9,Sunday,morning_peak
2026-03-15 09:22:16.450751,61,51.13074744105317,71.5955789764039,0,9,Sunday,morning_peak
2026-03-15 09:22:16.450751,62,51.19478542817195,71.30148890190402,0,9,Sunday,morning_peak
2026-03-15 09:22:16.450751,63,51.1227760102981,71.28967343691868,0,9,Sunday,morning_peak
2026-03-15 09:22:16.450751,64,51.04799920540874,71.27002075288999,0,9,Sunday,morning_peak
2026-03-15 09:22:16.450751,65,51.10971695546688,71.43195745152866,0,9,Sunday,morning_peak
2026-03-15 09:22:16.450751,66,51.15826003104071,71.46205856275873,0,9,Sunday,morning_peak
2026-03-15 09:22:16.450751,67,51.16471433399228,71.42128013864955,0,9,Sunday,morning_peak
2026-03-15 09:22:16.450751,68,51.17682173479961,71.61628633975013,0,9,Sunday,morning_peak
2026-03-15 09:22:16.450751,69,51.12402381530179,71.63566095438198,0,9,Sunday,morning_peak
2026-03-15 09:22:16.450751,70,51.13787489088676,71.62995752363861,0,9,Sunday,morning_peak
2026-03-15 09:22:16.450751,71,51.02451630240299,71.35273641250845,0,9,Sunday,morning_peak
2026-03-15 09:22:16.450751,72,51.04016440176024,71.46722541521306,0,9,Sunday,morning_peak
2026-03-15 09:22:16.450751,73,51.11751431301528,71.48320906412673,0,9,Sunday,morning_peak
2026-03-15 09:22:16.450751,74,51.18835432355766,71.45310951131856,0,9,Sunday,morning_peak
2026-03-15 09:22:16.450751,75,51.18678613081895,71.35282153151377,0,9,Sunday,morning_peak
2026-03-15 09:22:16.450751,76,51.13622304306711,71.53694524557605,0,9,Sunday,morning_peak
2026-03-15 09:22:16.450751,77,51.14129162950199,71.3255451257611,0,9,Sunday,morning_peak
2026-03-15 09:22:16.450751,78,51.18680518434976,71.59762205452243,0,9,Sunday,morning_peak
2026-03-15 09:22:16.450751,79,51.1505081210004,71.62925839850524,0,9,Sunday,morning_peak
2026-03-15 09:22:16.450751,80,51.20768765465692,71.29204967241435,0,9,Sunday,morning_peak
2026-03-15 09:22:16.450751,81,51.16534700509554,71.44039876929997,0,9,Sunday,morning_peak
2026-03-15 09:22:16.450751,82,51.08843209365367,71.24516509366532,0,9,Sunday,morning_peak
2026-03-15 09:22:16.450751,83,51.12761763565773,71.61403797987685,0,9,Sunday,morning_peak
2026-03-15 09:22:16.450751,84,51.17370401093482,71.4824571573708,0,9,Sunday,morning_peak
2026-03-15 09:22:16.450751,85,51.14391393319962,71.47404297778942,0,9,Sunday,morning_peak
2026-03-15 09:22:16.450751,86,51.06324543747171,71.39320338025196,0,9,Sunday,morning_peak
2026-03-15 09:22:16.450751,87,51.15825536307778,71.44354659208335,0,9,Sunday,morning_peak
2026-03-15 09:22:16.450751,88,51.26572705641021,71.44384554166473,0,9,Sunday,morning_peak
2026-03-15 09:22:16.450751,89,51.22803156938488,71.32593950582113,0,9,Sunday,morning_peak
2026-03-15 09:22:16.450751,90,51.09811348132588,71.40823262904298,0,9,Sunday,morning_peak
2026-03-15 09:22:16.450751,91,51.1354864285914,71.44114506830914,0,9,Sunday,morning_peak
2026-03-15 09:22:16.450751,92,51.16312991289578,71.26638510469999,0,9,Sunday,morning_peak
2026-03-15 09:22:16.450751,93,51.07513765467375,71.57776254105998,0,9,Sunday,morning_peak
2026-03-15 09:22:16.450751,94,51.0532521111503,71.52854576111368,0,9,Sunday,morning_peak
2026-03-15 09:22:16.450751,95,51.13793493640637,71.24112259907129,0,9,Sunday,morning_peak
2026-03-15 09:22:16.450751,96,51.17052109538131,71.27704552373054,0,9,Sunday,morning_peak
2026-03-15 09:22:16.450751,97,51.19911687671599,71.47802391622615,0,9,Sunday,morning_peak
2026-03-15 09:22:16.450751,98,51.20362036824107,71.48845085776307,0,9,Sunday,morning_peak
2026-03-15 09:22:16.450751,99,51.1150047096714,71.67218195540966,0,9,Sunday,morning_peak
2026-03-15 09:22:16.450751,100,51.09707529999999,71.471553,0,9,Sunday,morning_peak
2026-03-15 09:54:58.000890,1,51.129997002139326,71.43493875587703,0,9,Sunday,morning_peak
2026-03-15 09:54:58.000890,2,51.12056235244784,71.4595900478725,0,9,Sunday,morning_peak
2026-03-15 09:54:58.000890,3,51.13045235070032,71.45163906334658,0,9,Sunday,morning_peak
2026-03-15 09:54:58.000890,4,51.11902468326067,71.40164795547807,0,9,Sunday,morning_peak
2026-03-15 09:54:58.000890,5,51.13633181921887,71.46723039978559,0,9,Sunday,morning_peak
2026-03-15 09:54:58.000890,6,51.12425371408352,71.42270702895317,0,9,Sunday,morning_peak
2026-03-15 09:54:58.000890,7,51.15688693523335,71.47993127094121,0,9,Sunday,morning_peak
2026-03-15 09:54:58.000890,8,51.1474977520045,71.38018379834575,0,9,Sunday,morning_peak
2026-03-15 09:54:58.000890,9,51.13300460392041,71.41430075570399,0,9,Sunday,morning_peak
2026-03-15 09:54:58.000890,10,51.11941566179587,71.47102989812034,0,9,Sunday,morning_peak
2026-03-15 09:54:58.000890,11,51.09790180538443,71.59652494184468,0,9,Sunday,morning_peak
2026-03-15 09:54:58.000890,12,51.1499134598317,71.41270968027483,0,9,Sunday,morning_peak
2026-03-15 09:54:58.000890,13,51.15345729544345,71.43281672167949,0,9,Sunday,morning_peak
2026-03-15 09:54:58.000890,14,51.108601415685165,71.46275845922898,0,9,Sunday,morning_peak
2026-03-15 09:54:58.000890,15,51.23664608671714,71.56105555792736,0,9,Sunday,morning_peak
2026-03-15 09:54:58.000890,16,51.084320668757286,71.58521209792805,0,9,Sunday,morning_peak
2026-03-15 09:54:58.000890,17,51.16797263634855,71.62065444916988,0,9,Sunday,morning_peak
2026-03-15 09:54:58.000890,18,51.02545803175862,71.33229201644178,0,9,Sunday,morning_peak
2026-03-15 09:54:58.000890,19,51.15282951968359,71.49063208882426,0,9,Sunday,morning_peak
2026-03-15 09:54:58.000890,20,51.09869367650813,71.23891767359538,0,9,Sunday,morning_peak
2026-03-15 09:54:58.000890,21,51.149574078909495,71.36074957998323,0,9,Sunday,morning_peak
2026-03-15 09:54:58.000890,22,51.2016033377671,71.30533507963851,0,9,Sunday,morning_peak
2026-03-15 09:54:58.000890,23,51.25829559300119,71.3892400677479,0,9,Sunday,morning_peak
2026-03-15 09:54:58.000890,24,51.15052610378445,71.45674579649749,0,9,Sunday,morning_peak
2026-03-15 09:54:58.000890,25,51.18066663295088,71.44296258228712,0,9,Sunday,morning_peak
2026-03-15 09:54:58.000890,26,51.26293276766118,71.46072607144143,0,9,Sunday,morning_peak
2026-03-15 09:54:58.000890,27,51.14186262990609,71.48464224667617,0,9,Sunday,morning_peak
2026-03-15 09:54:58.000890,28,51.138292479047145,71.40011345151218,0,9,Sunday,morning_peak
2026-03-15 09:54:58.000890,29,51.06452782333768,71.259951045057,0,9,Sunday,morning_peak
2026-03-15 09:54:58.000890,30,51.12393551035743,71.41271371008821,0,9,Sunday,morning_peak
2026-03-15 09:54:58.000890,31,51.055179145917215,71.54425284281608,0,9,Sunday,morning_peak
2026-03-15 09:54:58.000890,32,51.13885345542799,71.5271881947702,0,9,Sunday,morning_peak
2026-03-15 09:54:58.000890,33,51.04065995396283,71.27422642372176,0,9,Sunday,morning_peak
2026-03-15 09:54:58.000890,34,51.09980718649101,71.42839390352944,0,9,Sunday,morning_peak
2026-03-15 09:54:58.000890,35,51.07133628397446,71.39438164392797,0,9,Sunday,morning_peak
2026-03-15 09:54:58.000890,36,51.07612420917142,71.38744405113056,0,9,Sunday,morning_peak
2026-03-15 09:54:58.000890,37,51.25411425161103,71.50057970359852,0,9,Sunday,morning_peak
2026-03-15 09:54:58.000890,38,51.127954623230885,71.49363873911588,0,9,Sunday,morning_peak
2026-03-15 09:54:58.000890,39,51.06566359238193,71.56858487381702,0,9,Sunday,morning_peak
2026-03-15 09:54:58.000890,40,51.0501418013827,71.49979121443306,0,9,Sunday,morning_peak
2026-03-15 09:54:58.000890,41,51.14443060192252,71.42078652892864,0,9,Sunday,morning_peak
2026-03-15 09:54:58.000890,42,51.14884303708029,71.50102425895071,0,9,Sunday,morning_peak
2026-03-15 09:54:58.000890,43,51.10996469587565,71.39840229519473,0,9,Sunday,morning_peak
2026-03-15 09:54:58.000890,44,51.02155898199707,71.38320098382663,0,9,Sunday,morning_peak
2026-03-15 09:54:58.000890,45,51.12805230803853,71.46778946703212,0,9,Sunday,morning_peak
2026-03-15 09:54:58.000890,46,51.10478922721147,71.2350502456988,0,9,Sunday,morning_peak
2026-03-15 09:54:58.000890,47,51.14800249704062,71.44472220103003,0,9,Sunday,morning_peak
2026-03-15 09:54:58.000890,48,51.16769091123584,71.4084951354207,0,9,Sunday,morning_peak
2026-03-15 09:54:58.000890,49,51.11730144114723,71.49794117824175,0,9,Sunday,morning_peak
2026-03-15 09:54:58.000890,50,51.14585163712196,71.33974327515008,0,9,Sunday,morning_peak
2026-03-15 09:54:58.000890,51,51.02390887193969,71.41642105300355,0,9,Sunday,morning_peak
2026-03-15 09:54:58.000890,52,51.211705114558136,71.31594858711016,0,9,Sunday,morning_peak
2026-03-15 09:54:58.000890,53,51.05498201751052,71.39029098353035,0,9,Sunday,morning_peak
2026-03-15 09:54:58.000890,54,51.08600000469821,71.39006702588605,0,9,Sunday,morning_peak
2026-03-15 09:54:58.000890,55,51.261350429685066,71.4073959988934,0,9,Sunday,morning_peak
2026-03-15 09:54:58.000890,56,51.11549200957015,71.42364108883535,0,9,Sunday,morning_peak
2026-03-15 09:54:58.000890,57,51.251935130521126,71.35146655868839,0,9,Sunday,morning_peak
2026-03-15 09:54:58.000890,58,51.15090904434154,71.24924262918628,0,9,Sunday,morning_peak
2026-03-15 09:54:58.000890,59,51.17243039908839,71.43411378095867,0,9,Sunday,morning_peak
2026-03-15 09:54:58.000890,60,51.028331219442,71.43194760080789,0,9,Sunday,morning_peak
2026-03-15 09:54:58.000890,61,51.13074744105317,71.5955789764039,0,9,Sunday,morning_peak
2026-03-15 09:54:58.000890,62,51.19478542817195,71.30148890190402,0,9,Sunday,morning_peak
2026-03-15 09:54:58.000890,63,51.1227760102981,71.28967343691868,0,9,Sunday,morning_peak
2026-03-15 09:54:58.000890,64,51.04799920540874,71.27002075288999,0,9,Sunday,morning_peak
2026-03-15 09:54:58.000890,65,51.10971695546688,71.43195745152866,0,9,Sunday,morning_peak
2026-03-15 09:54:58.000890,66,51.15826003104071,71.46205856275873,0,9,Sunday,morning_peak
2026-03-15 09:54:58.000890,67,51.16471433399228,71.42128013864955,0,9,Sunday,morning_peak
2026-03-15 09:54:58.000890,68,51.17682173479961,71.61628633975013,0,9,Sunday,morning_peak
2026-03-15 09:54:58.000890,69,51.12402381530179,71.63566095438198,0,9,Sunday,morning_peak
2026-03-15 09:54:58.000890,70,51.13787489088676,71.62995752363861,0,9,Sunday,morning_peak
2026-03-15 09:54:58.000890,71,51.02451630240299,71.35273641250845,0,9,Sunday,morning_peak
2026-03-15 09:54:58.000890,72,51.04016440176024,71.46722541521306,0,9,Sunday,morning_peak
2026-03-15 09:54:58.000890,73,51.11751431301528,71.48320906412673,0,9,Sunday,morning_peak
2026-03-15 09:54:58.000890,74,51.18835432355766,71.45310951131856,0,9,Sunday,morning_peak
2026-03-15 09:54:58.000890,75,51.18678613081895,71.35282153151377,0,9,Sunday,morning_peak
2026-03-15 09:54:58.000890,76,51.13622304306711,71.53694524557605,0,9,Sunday,morning_peak
2026-03-15 09:54:58.000890,77,51.14129162950199,71.3255451257611,0,9,Sunday,morning_peak
2026-03-15 09:54:58.000890,78,51.18680518434976,71.59762205452243,0,9,Sunday,morning_peak
2026-03-15 09:54:58.000890,79,51.1505081210004,71.62925839850524,0,9,Sunday,morning_peak
2026-03-15 09:54:58.000890,80,51.20768765465692,71.29204967241435,0,9,Sunday,morning_peak
2026-03-15 09:54:58.000890,81,51.16534700509554,71.44039876929997,0,9,Sunday,morning_peak
2026-03-15 09:54:58.000890,82,51.08843209365367,71.24516509366532,0,9,Sunday,morning_peak
2026-03-15 09:54:58.000890,83,51.12761763565773,71.61403797987685,0,9,Sunday,morning_peak
2026-03-15 09:54:58.000890,84,51.17370401093482,71.4824571573708,0,9,Sunday,morning_peak
2026-03-15 09:54:58.000890,85,51.14391393319962,71.47404297778942,0,9,Sunday,morning_peak
2026-03-15 09:54:58.000890,86,51.06324543747171,71.39320338025196,0,9,Sunday,morning_peak
2026-03-15 09:54:58.000890,87,51.15825536307778,71.44354659208335,0,9,Sunday,morning_peak
2026-03-15 09:54:58.000890,88,51.26572705641021,71.44384554166473,0,9,Sunday,morning_peak
2026-03-15 09:54:58.000890,89,51.22803156938488,71.32593950582113,0,9,Sunday,morning_peak
2026-03-15 09:54:58.000890,90,51.09811348132588,71.40823262904298,0,9,Sunday,morning_peak
2026-03-15 09:54:58.000890,91,51.1354864285914,71.44114506830914,0,9,Sunday,morning_peak
2026-03-15 09:54:58.000890,92,51.16312991289578,71.26638510469999,0,9,Sunday,morning_peak
2026-03-15 09:54:58.000890,93,51.07513765467375,71.57776254105998,0,9,Sunday,morning_peak
2026-03-15 09:54:58.000890,94,51.0532521111503,71.52854576111368,0,9,Sunday,morning_peak
2026-03-15 09:54:58.000890,95,51.13793493640637,71.24112259907129,0,9,Sunday,morning_peak
2026-03-15 09:54:58.000890,96,51.17052109538131,71.27704552373054,0,9,Sunday,morning_peak
2026-03-15 09:54:58.000890,97,51.19911687671599,71.47802391622615,0,9,Sunday,morning_peak
2026-03-15 09:54:58.000890,98,51.20362036824107,71.48845085776307,0,9,Sunday,morning_peak
2026-03-15 09:54:58.000890,99,51.1150047096714,71.67218195540966,0,9,Sunday,morning_peak
2026-03-15 09:54:58.000890,100,51.09707529999999,71.471553,0,9,Sunday,morning_peak
2026-03-15 10:21:09.997132,1,51.129997002139326,71.43493875587703,0,10,Sunday,day
2026-03-15 10:21:09.997132,2,51.12056235244784,71.4595900478725,0,10,Sunday,day
2026-03-15 10:21:09.997132,3,51.13045235070032,71.45163906334658,0,10,Sunday,day
2026-03-15 10:21:09.997132,4,51.11902468326067,71.40164795547807,0,10,Sunday,day
2026-03-15 10:21:09.997132,5,51.13633181921887,71.46723039978559,0,10,Sunday,day
2026-03-15 10:21:09.997132,6,51.12425371408352,71.42270702895317,0,10,Sunday,day
2026-03-15 10:21:09.997132,7,51.15688693523335,71.47993127094121,0,10,Sunday,day
2026-03-15 10:21:09.997132,8,51.1474977520045,71.38018379834575,0,10,Sunday,day
2026-03-15 10:21:09.997132,9,51.13300460392041,71.41430075570399,0,10,Sunday,day
2026-03-15 10:21:09.997132,10,51.11941566179587,71.47102989812034,0,10,Sunday,day
2026-03-15 10:21:09.997132,11,51.09790180538443,71.59652494184468,0,10,Sunday,day
2026-03-15 10:21:09.997132,12,51.1499134598317,71.41270968027483,0,10,Sunday,day
2026-03-15 10:21:09.997132,13,51.15345729544345,71.43281672167949,0,10,Sunday,day
2026-03-15 10:21:09.997132,14,51.108601415685165,71.46275845922898,0,10,Sunday,day
2026-03-15 10:21:09.997132,15,51.23664608671714,71.56105555792736,0,10,Sunday,day
2026-03-15 10:21:09.997132,16,51.084320668757286,71.58521209792805,0,10,Sunday,day
2026-03-15 10:21:09.997132,17,51.16797263634855,71.62065444916988,0,10,Sunday,day
2026-03-15 10:21:09.997132,18,51.02545803175862,71.33229201644178,0,10,Sunday,day
2026-03-15 10:21:09.997132,19,51.15282951968359,71.49063208882426,0,10,Sunday,day
2026-03-15 10:21:09.997132,20,51.09869367650813,71.23891767359538,0,10,Sunday,day
2026-03-15 10:21:09.997132,21,51.149574078909495,71.36074957998323,0,10,Sunday,day
2026-03-15 10:21:09.997132,22,51.2016033377671,71.30533507963851,0,10,Sunday,day
2026-03-15 10:21:09.997132,23,51.25829559300119,71.3892400677479,0,10,Sunday,day
2026-03-15 10:21:09.997132,24,51.15052610378445,71.45674579649749,0,10,Sunday,day
2026-03-15 10:21:09.997132,25,51.18066663295088,71.44296258228712,0,10,Sunday,day
2026-03-15 10:21:09.997132,26,51.26293276766118,71.46072607144143,0,10,Sunday,day
2026-03-15 10:21:09.997132,27,51.14186262990609,71.48464224667617,0,10,Sunday,day
2026-03-15 10:21:09.997132,28,51.138292479047145,71.40011345151218,0,10,Sunday,day
2026-03-15 10:21:09.997132,29,51.06452782333768,71.259951045057,0,10,Sunday,day
2026-03-15 10:21:09.997132,30,51.12393551035743,71.41271371008821,0,10,Sunday,day
2026-03-15 10:21:09.997132,31,51.055179145917215,71.54425284281608,0,10,Sunday,day
2026-03-15 10:21:09.997132,32,51.13885345542799,71.5271881947702,0,10,Sunday,day
2026-03-15 10:21:09.997132,33,51.04065995396283,71.27422642372176,0,10,Sunday,day
2026-03-15 10:21:09.997132,34,51.09980718649101,71.42839390352944,0,10,Sunday,day
2026-03-15 10:21:09.997132,35,51.07133628397446,71.39438164392797,0,10,Sunday,day
2026-03-15 10:21:09.997132,36,51.07612420917142,71.38744405113056,0,10,Sunday,day
2026-03-15 10:21:09.997132,37,51.25411425161103,71.50057970359852,0,10,Sunday,day
2026-03-15 10:21:09.997132,38,51.127954623230885,71.49363873911588,0,10,Sunday,day
2026-03-15 10:21:09.997132,39,51.06566359238193,71.56858487381702,0,10,Sunday,day
2026-03-15 10:21:09.997132,40,51.0501418013827,71.49979121443306,0,10,Sunday,day
2026-03-15 10:21:09.997132,41,51.14443060192252,71.42078652892864,0,10,Sunday,day
2026-03-15 10:21:09.997132,42,51.14884303708029,71.50102425895071,0,10,Sunday,day
2026-03-15 10:21:09.997132,43,51.10996469587565,71.39840229519473,0,10,Sunday,day
2026-03-15 10:21:09.997132,44,51.02155898199707,71.38320098382663,0,10,Sunday,day
2026-03-15 10:21:09.997132,45,51.12805230803853,71.46778946703212,0,10,Sunday,day
2026-03-15 10:21:09.997132,46,51.10478922721147,71.2350502456988,0,10,Sunday,day
2026-03-15 10:21:09.997132,47,51.14800249704062,71.44472220103003,0,10,Sunday,day
2026-03-15 10:21:09.997132,48,51.16769091123584,71.4084951354207,0,10,Sunday,day
2026-03-15 10:21:09.997132,49,51.11730144114723,71.49794117824175,0,10,Sunday,day
2026-03-15 10:21:09.997132,50,51.14585163712196,71.33974327515008,0,10,Sunday,day
2026-03-15 10:21:09.997132,51,51.02390887193969,71.41642105300355,0,10,Sunday,day
2026-03-15 10:21:09.997132,52,51.211705114558136,71.31594858711016,0,10,Sunday,day
2026-03-15 10:21:09.997132,53,51.05498201751052,71.39029098353035,0,10,Sunday,day
2026-03-15 10:21:09.997132,54,51.08600000469821,71.39006702588605,0,10,Sunday,day
2026-03-15 10:21:09.997132,55,51.261350429685066,71.4073959988934,0,10,Sunday,day
2026-03-15 10:21:09.997132,56,51.11549200957015,71.42364108883535,0,10,Sunday,day
2026-03-15 10:21:09.997132,57,51.251935130521126,71.35146655868839,0,10,Sunday,day
2026-03-15 10:21:09.997132,58,51.15090904434154,71.24924262918628,0,10,Sunday,day
2026-03-15 10:21:09.997132,59,51.17243039908839,71.43411378095867,0,10,Sunday,day
2026-03-15 10:21:09.997132,60,51.028331219442,71.43194760080789,0,10,Sunday,day
2026-03-15 10:21:09.997132,61,51.13074744105317,71.5955789764039,0,10,Sunday,day
2026-03-15 10:21:09.997132,62,51.19478542817195,71.30148890190402,0,10,Sunday,day
2026-03-15 10:21:09.997132,63,51.1227760102981,71.28967343691868,0,10,Sunday,day
2026-03-15 10:21:09.997132,64,51.04799920540874,71.27002075288999,0,10,Sunday,day
2026-03-15 10:21:09.997132,65,51.10971695546688,71.43195745152866,0,10,Sunday,day
2026-03-15 10:21:09.997132,66,51.15826003104071,71.46205856275873,0,10,Sunday,day
2026-03-15 10:21:09.997132,67,51.16471433399228,71.42128013864955,0,10,Sunday,day
2026-03-15 10:21:09.997132,68,51.17682173479961,71.61628633975013,0,10,Sunday,day
2026-03-15 10:21:09.997132,69,51.12402381530179,71.63566095438198,0,10,Sunday,day
2026-03-15 10:21:09.997132,70,51.13787489088676,71.62995752363861,0,10,Sunday,day
2026-03-15 10:21:09.997132,71,51.02451630240299,71.35273641250845,0,10,Sunday,day
2026-03-15 10:21:09.997132,72,51.04016440176024,71.46722541521306,0,10,Sunday,day
2026-03-15 10:21:09.997132,73,51.11751431301528,71.48320906412673,0,10,Sunday,day
2026-03-15 10:21:09.997132,74,51.18835432355766,71.45310951131856,0,10,Sunday,day
2026-03-15 10:21:09.997132,75,51.18678613081895,71.35282153151377,0,10,Sunday,day
2026-03-15 10:21:09.997132,76,51.13622304306711,71.53694524557605,0,10,Sunday,day
2026-03-15 10:21:09.997132,77,51.14129162950199,71.3255451257611,0,10,Sunday,day
2026-03-15 10:21:09.997132,78,51.18680518434976,71.59762205452243,0,10,Sunday,day
2026-03-15 10:21:09.997132,79,51.1505081210004,71.62925839850524,0,10,Sunday,day
2026-03-15 10:21:09.997132,80,51.20768765465692,71.29204967241435,0,10,Sunday,day
2026-03-15 10:21:09.997132,81,51.16534700509554,71.44039876929997,0,10,Sunday,day
2026-03-15 10:21:09.997132,82,51.08843209365367,71.24516509366532,0,10,Sunday,day
2026-03-15 10:21:09.997132,83,51.12761763565773,71.61403797987685,0,10,Sunday,day
2026-03-15 10:21:09.997132,84,51.17370401093482,71.4824571573708,0,10,Sunday,day
2026-03-15 10:21:09.997132,85,51.14391393319962,71.47404297778942,0,10,Sunday,day
2026-03-15 10:21:09.997132,86,51.06324543747171,71.39320338025196,0,10,Sunday,day
2026-03-15 10:21:09.997132,87,51.15825536307778,71.44354659208335,0,10,Sunday,day
2026-03-15 10:21:09.997132,88,51.26572705641021,71.44384554166473,0,10,Sunday,day
2026-03-15 10:21:09.997132,89,51.22803156938488,71.32593950582113,0,10,Sunday,day
2026-03-15 10:21:09.997132,90,51.09811348132588,71.40823262904298,0,10,Sunday,day
2026-03-15 10:21:09.997132,91,51.1354864285914,71.44114506830914,0,10,Sunday,day
2026-03-15 10:21:09.997132,92,51.16312991289578,71.26638510469999,0,10,Sunday,day
2026-03-15 10:21:09.997132,93,51.07513765467375,71.57776254105998,0,10,Sunday,day
2026-03-15 10:21:09.997132,94,51.0532521111503,71.52854576111368,0,10,Sunday,day
2026-03-15 10:21:09.997132,95,51.13793493640637,71.24112259907129,0,10,Sunday,day
2026-03-15 10:21:09.997132,96,51.17052109538131,71.27704552373054,0,10,Sunday,day
2026-03-15 10:21:09.997132,97,51.19911687671599,71.47802391622615,0,10,Sunday,day
2026-03-15 10:21:09.997132,98,51.20362036824107,71.48845085776307,0,10,Sunday,day
2026-03-15 10:21:09.997132,99,51.1150047096714,71.67218195540966,0,10,Sunday,day
2026-03-15 10:21:09.997132,100,51.09707529999999,71.471553,0,10,Sunday,day
2026-03-15 10:55:10.648190,1,51.129997002139326,71.43493875587703,0,10,Sunday,day
2026-03-15 10:55:10.648190,2,51.12056235244784,71.4595900478725,0,10,Sunday,day
2026-03-15 10:55:10.648190,3,51.13045235070032,71.45163906334658,0,10,Sunday,day
2026-03-15 10:55:10.648190,4,51.11902468326067,71.40164795547807,0,10,Sunday,day
2026-03-15 10:55:10.648190,5,51.13633181921887,71.46723039978559,0,10,Sunday,day
2026-03-15 10:55:10.648190,6,51.12425371408352,71.42270702895317,0,10,Sunday,day
2026-03-15 10:55:10.648190,7,51.15688693523335,71.47993127094121,0,10,Sunday,day
2026-03-15 10:55:10.648190,8,51.1474977520045,71.38018379834575,0,10,Sunday,day
2026-03-15 10:55:10.648190,9,51.13300460392041,71.41430075570399,0,10,Sunday,day
2026-03-15 10:55:10.648190,10,51.11941566179587,71.47102989812034,0,10,Sunday,day
2026-03-15 10:55:10.648190,11,51.09790180538443,71.59652494184468,0,10,Sunday,day
2026-03-15 10:55:10.648190,12,51.1499134598317,71.41270968027483,0,10,Sunday,day
2026-03-15 10:55:10.648190,13,51.15345729544345,71.43281672167949,0,10,Sunday,day
2026-03-15 10:55:10.648190,14,51.108601415685165,71.46275845922898,0,10,Sunday,day
2026-03-15 10:55:10.648190,15,51.23664608671714,71.56105555792736,0,10,Sunday,day
2026-03-15 10:55:10.648190,16,51.084320668757286,71.58521209792805,0,10,Sunday,day
2026-03-15 10:55:10.648190,17,51.16797263634855,71.62065444916988,0,10,Sunday,day
2026-03-15 10:55:10.648190,18,51.02545803175862,71.33229201644178,0,10,Sunday,day
2026-03-15 10:55:10.648190,19,51.15282951968359,71.49063208882426,0,10,Sunday,day
2026-03-15 10:55:10.648190,20,51.09869367650813,71.23891767359538,0,10,Sunday,day
2026-03-15 10:55:10.648190,21,51.149574078909495,71.36074957998323,0,10,Sunday,day
2026-03-15 10:55:10.648190,22,51.2016033377671,71.30533507963851,0,10,Sunday,day
2026-03-15 10:55:10.648190,23,51.25829559300119,71.3892400677479,0,10,Sunday,day
2026-03-15 10:55:10.648190,24,51.15052610378445,71.45674579649749,0,10,Sunday,day
2026-03-15 10:55:10.648190,25,51.18066663295088,71.44296258228712,0,10,Sunday,day
2026-03-15 10:55:10.648190,26,51.26293276766118,71.46072607144143,0,10,Sunday,day
2026-03-15 10:55:10.648190,27,51.14186262990609,71.48464224667617,0,10,Sunday,day
2026-03-15 10:55:10.648190,28,51.138292479047145,71.40011345151218,0,10,Sunday,day
2026-03-15 10:55:10.648190,29,51.06452782333768,71.259951045057,0,10,Sunday,day
2026-03-15 10:55:10.648190,30,51.12393551035743,71.41271371008821,0,10,Sunday,day
2026-03-15 10:55:10.648190,31,51.055179145917215,71.54425284281608,0,10,Sunday,day
2026-03-15 10:55:10.648190,32,51.13885345542799,71.5271881947702,0,10,Sunday,day
2026-03-15 10:55:10.648190,33,51.04065995396283,71.27422642372176,0,10,Sunday,day
2026-03-15 10:55:10.648190,34,51.09980718649101,71.42839390352944,0,10,Sunday,day
2026-03-15 10:55:10.648190,35,51.07133628397446,71.39438164392797,0,10,Sunday,day
2026-03-15 10:55:10.648190,36,51.07612420917142,71.38744405113056,0,10,Sunday,day
2026-03-15 10:55:10.648190,37,51.25411425161103,71.50057970359852,0,10,Sunday,day
2026-03-15 10:55:10.648190,38,51.127954623230885,71.49363873911588,0,10,Sunday,day
2026-03-15 10:55:10.648190,39,51.06566359238193,71.56858487381702,0,10,Sunday,day
2026-03-15 10:55:10.648190,40,51.0501418013827,71.49979121443306,0,10,Sunday,day
2026-03-15 10:55:10.648190,41,51.14443060192252,71.42078652892864,0,10,Sunday,day
2026-03-15 10:55:10.648190,42,51.14884303708029,71.50102425895071,0,10,Sunday,day
2026-03-15 10:55:10.648190,43,51.10996469587565,71.39840229519473,0,10,Sunday,day
2026-03-15 10:55:10.648190,44,51.02155898199707,71.38320098382663,0,10,Sunday,day
2026-03-15 10:55:10.648190,45,51.12805230803853,71.46778946703212,0,10,Sunday,day
2026-03-15 10:55:10.648190,46,51.10478922721147,71.2350502456988,0,10,Sunday,day
2026-03-15 10:55:10.648190,47,51.14800249704062,71.44472220103003,0,10,Sunday,day
2026-03-15 10:55:10.648190,48,51.16769091123584,71.4084951354207,0,10,Sunday,day
2026-03-15 10:55:10.648190,49,51.11730144114723,71.49794117824175,0,10,Sunday,day
2026-03-15 10:55:10.648190,50,51.14585163712196,71.33974327515008,0,10,Sunday,day
2026-03-15 10:55:10.648190,51,51.02390887193969,71.41642105300355,0,10,Sunday,day
2026-03-15 10:55:10.648190,52,51.211705114558136,71.31594858711016,0,10,Sunday,day
2026-03-15 10:55:10.648190,53,51.05498201751052,71.39029098353035,0,10,Sunday,day
2026-03-15 10:55:10.648190,54,51.08600000469821,71.39006702588605,0,10,Sunday,day
2026-03-15 10:55:10.648190,55,51.261350429685066,71.4073959988934,0,10,Sunday,day
2026-03-15 10:55:10.648190,56,51.11549200957015,71.42364108883535,0,10,Sunday,day
2026-03-15 10:55:10.648190,57,51.251935130521126,71.35146655868839,0,10,Sunday,day
2026-03-15 10:55:10.648190,58,51.15090904434154,71.24924262918628,0,10,Sunday,day
2026-03-15 10:55:10.648190,59,51.17243039908839,71.43411378095867,0,10,Sunday,day
2026-03-15 10:55:10.648190,60,51.028331219442,71.43194760080789,0,10,Sunday,day
2026-03-15 10:55:10.648190,61,51.13074744105317,71.5955789764039,0,10,Sunday,day
2026-03-15 10:55:10.648190,62,51.19478542817195,71.30148890190402,0,10,Sunday,day
2026-03-15 10:55:10.648190,63,51.1227760102981,71.28967343691868,0,10,Sunday,day
2026-03-15 10:55:10.648190,64,51.04799920540874,71.27002075288999,0,10,Sunday,day
2026-03-15 10:55:10.648190,65,51.10971695546688,71.43195745152866,0,10,Sunday,day
2026-03-15 10:55:10.648190,66,51.15826003104071,71.46205856275873,0,10,Sunday,day
2026-03-15 10:55:10.648190,67,51.16471433399228,71.42128013864955,0,10,Sunday,day
2026-03-15 10:55:10.648190,68,51.17682173479961,71.61628633975013,0,10,Sunday,day
2026-03-15 10:55:10.648190,69,51.12402381530179,71.63566095438198,0,10,Sunday,day
2026-03-15 10:55:10.648190,70,51.13787489088676,71.62995752363861,0,10,Sunday,day
2026-03-15 10:55:10.648190,71,51.02451630240299,71.35273641250845,0,10,Sunday,day
2026-03-15 10:55:10.648190,72,51.04016440176024,71.46722541521306,0,10,Sunday,day
2026-03-15 10:55:10.648190,73,51.11751431301528,71.48320906412673,0,10,Sunday,day
2026-03-15 10:55:10.648190,74,51.18835432355766,71.45310951131856,0,10,Sunday,day
2026-03-15 10:55:10.648190,75,51.18678613081895,71.35282153151377,0,10,Sunday,day
2026-03-15 10:55:10.648190,76,51.13622304306711,71.53694524557605,0,10,Sunday,day
2026-03-15 10:55:10.648190,77,51.14129162950199,71.3255451257611,0,10,Sunday,day
2026-03-15 10:55:10.648190,78,51.18680518434976,71.59762205452243,0,10,Sunday,day
2026-03-15 10:55:10.648190,79,51.1505081210004,71.62925839850524,0,10,Sunday,day
2026-03-15 10:55:10.648190,80,51.20768765465692,71.29204967241435,0,10,Sunday,day
2026-03-15 10:55:10.648190,81,51.16534700509554,71.44039876929997,0,10,Sunday,day
2026-03-15 10:55:10.648190,82,51.08843209365367,71.24516509366532,0,10,Sunday,day
2026-03-15 10:55:10.648190,83,51.12761763565773,71.61403797987685,0,10,Sunday,day
2026-03-15 10:55:10.648190,84,51.17370401093482,71.4824571573708,0,10,Sunday,day
2026-03-15 10:55:10.648190,85,51.14391393319962,71.47404297778942,0,10,Sunday,day
2026-03-15 10:55:10.648190,86,51.06324543747171,71.39320338025196,0,10,Sunday,day
2026-03-15 10:55:10.648190,87,51.15825536307778,71.44354659208335,0,10,Sunday,day
2026-03-15 10:55:10.648190,88,51.26572705641021,71.44384554166473,0,10,Sunday,day
2026-03-15 10:55:10.648190,89,51.22803156938488,71.32593950582113,0,10,Sunday,day
2026-03-15 10:55:10.648190,90,51.09811348132588,71.40823262904298,0,10,Sunday,day
2026-03-15 10:55:10.648190,91,51.1354864285914,71.44114506830914,0,10,Sunday,day
2026-03-15 10:55:10.648190,92,51.16312991289578,71.26638510469999,0,10,Sunday,day
2026-03-15 10:55:10.648190,93,51.07513765467375,71.57776254105998,0,10,Sunday,day
2026-03-15 10:55:10.648190,94,51.0532521111503,71.52854576111368,0,10,Sunday,day
2026-03-15 10:55:10.648190,95,51.13793493640637,71.24112259907129,0,10,Sunday,day
2026-03-15 10:55:10.648190,96,51.17052109538131,71.27704552373054,0,10,Sunday,day
2026-03-15 10:55:10.648190,97,51.19911687671599,71.47802391622615,0,10,Sunday,day
2026-03-15 10:55:10.648190,98,51.20362036824107,71.48845085776307,0,10,Sunday,day
2026-03-15 10:55:10.648190,99,51.1150047096714,71.67218195540966,0,10,Sunday,day
2026-03-15 10:55:10.648190,100,51.09707529999999,71.471553,0,10,Sunday,day
2026-03-15 11:18:55.647076,1,51.129997002139326,71.43493875587703,0,11,Sunday,day
2026-03-15 11:18:55.647076,2,51.12056235244784,71.4595900478725,0,11,Sunday,day
2026-03-15 11:18:55.647076,3,51.13045235070032,71.45163906334658,0,11,Sunday,day
2026-03-15 11:18:55.647076,4,51.11902468326067,71.40164795547807,0,11,Sunday,day
2026-03-15 11:18:55.647076,5,51.13633181921887,71.46723039978559,0,11,Sunday,day
2026-03-15 11:18:55.647076,6,51.12425371408352,71.42270702895317,0,11,Sunday,day
2026-03-15 11:18:55.647076,7,51.15688693523335,71.47993127094121,0,11,Sunday,day
2026-03-15 11:18:55.647076,8,51.1474977520045,71.38018379834575,0,11,Sunday,day
2026-03-15 11:18:55.647076,9,51.13300460392041,71.41430075570399,0,11,Sunday,day
2026-03-15 11:18:55.647076,10,51.11941566179587,71.47102989812034,0,11,Sunday,day
2026-03-15 11:18:55.647076,11,51.09790180538443,71.59652494184468,0,11,Sunday,day
2026-03-15 11:18:55.647076,12,51.1499134598317,71.41270968027483,0,11,Sunday,day
2026-03-15 11:18:55.647076,13,51.15345729544345,71.43281672167949,0,11,Sunday,day
2026-03-15 11:18:55.647076,14,51.108601415685165,71.46275845922898,0,11,Sunday,day
2026-03-15 11:18:55.647076,15,51.23664608671714,71.56105555792736,0,11,Sunday,day
2026-03-15 11:18:55.647076,16,51.084320668757286,71.58521209792805,0,11,Sunday,day
2026-03-15 11:18:55.647076,17,51.16797263634855,71.62065444916988,0,11,Sunday,day
2026-03-15 11:18:55.647076,18,51.02545803175862,71.33229201644178,0,11,Sunday,day
2026-03-15 11:18:55.647076,19,51.15282951968359,71.49063208882426,0,11,Sunday,day
2026-03-15 11:18:55.647076,20,51.09869367650813,71.23891767359538,0,11,Sunday,day
2026-03-15 11:18:55.647076,21,51.149574078909495,71.36074957998323,0,11,Sunday,day
2026-03-15 11:18:55.647076,22,51.2016033377671,71.30533507963851,0,11,Sunday,day
2026-03-15 11:18:55.647076,23,51.25829559300119,71.3892400677479,0,11,Sunday,day
2026-03-15 11:18:55.647076,24,51.15052610378445,71.45674579649749,0,11,Sunday,day
2026-03-15 11:18:55.647076,25,51.18066663295088,71.44296258228712,0,11,Sunday,day
2026-03-15 11:18:55.647076,26,51.26293276766118,71.46072607144143,0,11,Sunday,day
2026-03-15 11:18:55.647076,27,51.14186262990609,71.48464224667617,0,11,Sunday,day
2026-03-15 11:18:55.647076,28,51.138292479047145,71.40011345151218,0,11,Sunday,day
2026-03-15 11:18:55.647076,29,51.06452782333768,71.259951045057,0,11,Sunday,day
2026-03-15 11:18:55.647076,30,51.12393551035743,71.41271371008821,0,11,Sunday,day
2026-03-15 11:18:55.647076,31,51.055179145917215,71.54425284281608,0,11,Sunday,day
2026-03-15 11:18:55.647076,32,51.13885345542799,71.5271881947702,0,11,Sunday,day
2026-03-15 11:18:55.647076,33,51.04065995396283,71.27422642372176,0,11,Sunday,day
2026-03-15 11:18:55.647076,34,51.09980718649101,71.42839390352944,0,11,Sunday,day
2026-03-15 11:18:55.647076,35,51.07133628397446,71.39438164392797,0,11,Sunday,day
2026-03-15 11:18:55.647076,36,51.07612420917142,71.38744405113056,0,11,Sunday,day
2026-03-15 11:18:55.647076,37,51.25411425161103,71.50057970359852,0,11,Sunday,day
2026-03-15 11:18:55.647076,38,51.127954623230885,71.49363873911588,0,11,Sunday,day
2026-03-15 11:18:55.647076,39,51.06566359238193,71.56858487381702,0,11,Sunday,day
2026-03-15 11:18:55.647076,40,51.0501418013827,71.49979121443306,0,11,Sunday,day
2026-03-15 11:18:55.647076,41,51.14443060192252,71.42078652892864,0,11,Sunday,day
2026-03-15 11:18:55.647076,42,51.14884303708029,71.50102425895071,0,11,Sunday,day
2026-03-15 11:18:55.647076,43,51.10996469587565,71.39840229519473,0,11,Sunday,day
2026-03-15 11:18:55.647076,44,51.02155898199707,71.38320098382663,0,11,Sunday,day
2026-03-15 11:18:55.647076,45,51.12805230803853,71.46778946703212,0,11,Sunday,day
2026-03-15 11:18:55.647076,46,51.10478922721147,71.2350502456988,0,11,Sunday,day
2026-03-15 11:18:55.647076,47,51.14800249704062,71.44472220103003,0,11,Sunday,day
2026-03-15 11:18:55.647076,48,51.16769091123584,71.4084951354207,0,11,Sunday,day
2026-03-15 11:18:55.647076,49,51.11730144114723,71.49794117824175,0,11,Sunday,day
2026-03-15 11:18:55.647076,50,51.14585163712196,71.33974327515008,0,11,Sunday,day
2026-03-15 11:18:55.647076,51,51.02390887193969,71.41642105300355,0,11,Sunday,day
2026-03-15 11:18:55.647076,52,51.211705114558136,71.31594858711016,0,11,Sunday,day
2026-03-15 11:18:55.647076,53,51.05498201751052,71.39029098353035,0,11,Sunday,day
2026-03-15 11:18:55.647076,54,51.08600000469821,71.39006702588605,0,11,Sunday,day
2026-03-15 11:18:55.647076,55,51.261350429685066,71.4073959988934,0,11,Sunday,day
2026-03-15 11:18:55.647076,56,51.11549200957015,71.42364108883535,0,11,Sunday,day
2026-03-15 11:18:55.647076,57,51.251935130521126,71.35146655868839,0,11,Sunday,day
2026-03-15 11:18:55.647076,58,51.15090904434154,71.24924262918628,0,11,Sunday,day
2026-03-15 11:18:55.647076,59,51.17243039908839,71.43411378095867,0,11,Sunday,day
2026-03-15 11:18:55.647076,60,51.028331219442,71.43194760080789,0,11,Sunday,day
2026-03-15 11:18:55.647076,61,51.13074744105317,71.5955789764039,0,11,Sunday,day
2026-03-15 11:18:55.647076,62,51.19478542817195,71.30148890190402,0,11,Sunday,day
2026-03-15 11:18:55.647076,63,51.1227760102981,71.28967343691868,0,11,Sunday,day
2026-03-15 11:18:55.647076,64,51.04799920540874,71.27002075288999,0,11,Sunday,day
2026-03-15 11:18:55.647076,65,51.10971695546688,71.43195745152866,0,11,Sunday,day
2026-03-15 11:18:55.647076,66,51.15826003104071,71.46205856275873,0,11,Sunday,day
2026-03-15 11:18:55.647076,67,51.16471433399228,71.42128013864955,0,11,Sunday,day
2026-03-15 11:18:55.647076,68,51.17682173479961,71.61628633975013,0,11,Sunday,day
2026-03-15 11:18:55.647076,69,51.12402381530179,71.63566095438198,0,11,Sunday,day
2026-03-15 11:18:55.647076,70,51.13787489088676,71.62995752363861,0,11,Sunday,day
2026-03-15 11:18:55.647076,71,51.02451630240299,71.35273641250845,0,11,Sunday,day
2026-03-15 11:18:55.647076,72,51.04016440176024,71.46722541521306,0,11,Sunday,day
2026-03-15 11:18:55.647076,73,51.11751431301528,71.48320906412673,0,11,Sunday,day
2026-03-15 11:18:55.647076,74,51.18835432355766,71.45310951131856,0,11,Sunday,day
2026-03-15 11:18:55.647076,75,51.18678613081895,71.35282153151377,0,11,Sunday,day
2026-03-15 11:18:55.647076,76,51.13622304306711,71.53694524557605,0,11,Sunday,day
2026-03-15 11:18:55.647076,77,51.14129162950199,71.3255451257611,0,11,Sunday,day
2026-03-15 11:18:55.647076,78,51.18680518434976,71.59762205452243,0,11,Sunday,day
2026-03-15 11:18:55.647076,79,51.1505081210004,71.62925839850524,0,11,Sunday,day
2026-03-15 11:18:55.647076,80,51.20768765465692,71.29204967241435,0,11,Sunday,day
2026-03-15 11:18:55.647076,81,51.16534700509554,71.44039876929997,0,11,Sunday,day
2026-03-15 11:18:55.647076,82,51.08843209365367,71.24516509366532,0,11,Sunday,day
2026-03-15 11:18:55.647076,83,51.12761763565773,71.61403797987685,0,11,Sunday,day
2026-03-15 11:18:55.647076,84,51.17370401093482,71.4824571573708,0,11,Sunday,day
2026-03-15 11:18:55.647076,85,51.14391393319962,71.47404297778942,0,11,Sunday,day
2026-03-15 11:18:55.647076,86,51.06324543747171,71.39320338025196,0,11,Sunday,day
2026-03-15 11:18:55.647076,87,51.15825536307778,71.44354659208335,0,11,Sunday,day
2026-03-15 11:18:55.647076,88,51.26572705641021,71.44384554166473,0,11,Sunday,day
2026-03-15 11:18:55.647076,89,51.22803156938488,71.32593950582113,0,11,Sunday,day
2026-03-15 11:18:55.647076,90,51.09811348132588,71.40823262904298,0,11,Sunday,day
2026-03-15 11:18:55.647076,91,51.1354864285914,71.44114506830914,0,11,Sunday,day
2026-03-15 11:18:55.647076,92,51.16312991289578,71.26638510469999,0,11,Sunday,day
2026-03-15 11:18:55.647076,93,51.07513765467375,71.57776254105998,0,11,Sunday,day
2026-03-15 11:18:55.647076,94,51.0532521111503,71.52854576111368,0,11,Sunday,day
2026-03-15 11:18:55.647076,95,51.13793493640637,71.24112259907129,0,11,Sunday,day
2026-03-15 11:18:55.647076,96,51.17052109538131,71.27704552373054,0,11,Sunday,day
2026-03-15 11:18:55.647076,97,51.19911687671599,71.47802391622615,0,11,Sunday,day
2026-03-15 11:18:55.647076,98,51.20362036824107,71.48845085776307,0,11,Sunday,day
2026-03-15 11:18:55.647076,99,51.1150047096714,71.67218195540966,0,11,Sunday,day
2026-03-15 11:18:55.647076,100,51.09707529999999,71.471553,0,11,Sunday,day
2026-03-15 11:45:49.446721,1,51.129997002139326,71.43493875587703,0,11,Sunday,day
2026-03-15 11:45:49.446721,2,51.12056235244784,71.4595900478725,0,11,Sunday,day
2026-03-15 11:45:49.446721,3,51.13045235070032,71.45163906334658,0,11,Sunday,day
2026-03-15 11:45:49.446721,4,51.11902468326067,71.40164795547807,0,11,Sunday,day
2026-03-15 11:45:49.446721,5,51.13633181921887,71.46723039978559,0,11,Sunday,day
2026-03-15 11:45:49.446721,6,51.12425371408352,71.42270702895317,0,11,Sunday,day
2026-03-15 11:45:49.446721,7,51.15688693523335,71.47993127094121,0,11,Sunday,day
2026-03-15 11:45:49.446721,8,51.1474977520045,71.38018379834575,0,11,Sunday,day
2026-03-15 11:45:49.446721,9,51.13300460392041,71.41430075570399,0,11,Sunday,day
2026-03-15 11:45:49.446721,10,51.11941566179587,71.47102989812034,0,11,Sunday,day
2026-03-15 11:45:49.446721,11,51.09790180538443,71.59652494184468,0,11,Sunday,day
2026-03-15 11:45:49.446721,12,51.1499134598317,71.41270968027483,0,11,Sunday,day
2026-03-15 11:45:49.446721,13,51.15345729544345,71.43281672167949,0,11,Sunday,day
2026-03-15 11:45:49.446721,14,51.108601415685165,71.46275845922898,0,11,Sunday,day
2026-03-15 11:45:49.446721,15,51.23664608671714,71.56105555792736,0,11,Sunday,day
2026-03-15 11:45:49.446721,16,51.084320668757286,71.58521209792805,0,11,Sunday,day
2026-03-15 11:45:49.446721,17,51.16797263634855,71.62065444916988,0,11,Sunday,day
2026-03-15 11:45:49.446721,18,51.02545803175862,71.33229201644178,0,11,Sunday,day
2026-03-15 11:45:49.446721,19,51.15282951968359,71.49063208882426,0,11,Sunday,day
2026-03-15 11:45:49.446721,20,51.09869367650813,71.23891767359538,0,11,Sunday,day
2026-03-15 11:45:49.446721,21,51.149574078909495,71.36074957998323,0,11,Sunday,day
2026-03-15 11:45:49.446721,22,51.2016033377671,71.30533507963851,0,11,Sunday,day
2026-03-15 11:45:49.446721,23,51.25829559300119,71.3892400677479,0,11,Sunday,day
2026-03-15 11:45:49.446721,24,51.15052610378445,71.45674579649749,0,11,Sunday,day
2026-03-15 11:45:49.446721,25,51.18066663295088,71.44296258228712,0,11,Sunday,day
2026-03-15 11:45:49.446721,26,51.26293276766118,71.46072607144143,0,11,Sunday,day
2026-03-15 11:45:49.446721,27,51.14186262990609,71.48464224667617,0,11,Sunday,day
2026-03-15 11:45:49.446721,28,51.138292479047145,71.40011345151218,0,11,Sunday,day
2026-03-15 11:45:49.446721,29,51.06452782333768,71.259951045057,0,11,Sunday,day
2026-03-15 11:45:49.446721,30,51.12393551035743,71.41271371008821,0,11,Sunday,day
2026-03-15 11:45:49.446721,31,51.055179145917215,71.54425284281608,0,11,Sunday,day
2026-03-15 11:45:49.446721,32,51.13885345542799,71.5271881947702,0,11,Sunday,day
2026-03-15 11:45:49.446721,33,51.04065995396283,71.27422642372176,0,11,Sunday,day
2026-03-15 11:45:49.446721,34,51.09980718649101,71.42839390352944,0,11,Sunday,day
2026-03-15 11:45:49.446721,35,51.07133628397446,71.39438164392797,0,11,Sunday,day
2026-03-15 11:45:49.446721,36,51.07612420917142,71.38744405113056,0,11,Sunday,day
2026-03-15 11:45:49.446721,37,51.25411425161103,71.50057970359852,0,11,Sunday,day
2026-03-15 11:45:49.446721,38,51.127954623230885,71.49363873911588,0,11,Sunday,day
2026-03-15 11:45:49.446721,39,51.06566359238193,71.56858487381702,0,11,Sunday,day
2026-03-15 11:45:49.446721,40,51.0501418013827,71.49979121443306,0,11,Sunday,day
2026-03-15 11:45:49.446721,41,51.14443060192252,71.42078652892864,0,11,Sunday,day
2026-03-15 11:45:49.446721,42,51.14884303708029,71.50102425895071,0,11,Sunday,day
2026-03-15 11:45:49.446721,43,51.10996469587565,71.39840229519473,0,11,Sunday,day
2026-03-15 11:45:49.446721,44,51.02155898199707,71.38320098382663,0,11,Sunday,day
2026-03-15 11:45:49.446721,45,51.12805230803853,71.46778946703212,0,11,Sunday,day
2026-03-15 11:45:49.446721,46,51.10478922721147,71.2350502456988,0,11,Sunday,day
2026-03-15 11:45:49.446721,47,51.14800249704062,71.44472220103003,0,11,Sunday,day
2026-03-15 11:45:49.446721,48,51.16769091123584,71.4084951354207,0,11,Sunday,day
2026-03-15 11:45:49.446721,49,51.11730144114723,71.49794117824175,0,11,Sunday,day
2026-03-15 11:45:49.446721,50,51.14585163712196,71.33974327515008,0,11,Sunday,day
2026-03-15 11:45:49.446721,51,51.02390887193969,71.41642105300355,0,11,Sunday,day
2026-03-15 11:45:49.446721,52,51.211705114558136,71.31594858711016,0,11,Sunday,day
2026-03-15 11:45:49.446721,53,51.05498201751052,71.39029098353035,0,11,Sunday,day
2026-03-15 11:45:49.446721,54,51.08600000469821,71.39006702588605,0,11,Sunday,day
2026-03-15 11:45:49.446721,55,51.261350429685066,71.4073959988934,0,11,Sunday,day
2026-03-15 11:45:49.446721,56,51.11549200957015,71.42364108883535,0,11,Sunday,day
2026-03-15 11:45:49.446721,57,51.251935130521126,71.35146655868839,0,11,Sunday,day
2026-03-15 11:45:49.446721,58,51.15090904434154,71.24924262918628,0,11,Sunday,day
2026-03-15 11:45:49.446721,59,51.17243039908839,71.43411378095867,0,11,Sunday,day
2026-03-15 11:45:49.446721,60,51.028331219442,71.43194760080789,0,11,Sunday,day
2026-03-15 11:45:49.446721,61,51.13074744105317,71.5955789764039,0,11,Sunday,day
2026-03-15 11:45:49.446721,62,51.19478542817195,71.30148890190402,0,11,Sunday,day
2026-03-15 11:45:49.446721,63,51.1227760102981,71.28967343691868,0,11,Sunday,day
2026-03-15 11:45:49.446721,64,51.04799920540874,71.27002075288999,0,11,Sunday,day
2026-03-15 11:45:49.446721,65,51.10971695546688,71.43195745152866,0,11,Sunday,day
2026-03-15 11:45:49.446721,66,51.15826003104071,71.46205856275873,0,11,Sunday,day
2026-03-15 11:45:49.446721,67,51.16471433399228,71.42128013864955,0,11,Sunday,day
2026-03-15 11:45:49.446721,68,51.17682173479961,71.61628633975013,0,11,Sunday,day
2026-03-15 11:45:49.446721,69,51.12402381530179,71.63566095438198,0,11,Sunday,day
2026-03-15 11:45:49.446721,70,51.13787489088676,71.62995752363861,0,11,Sunday,day
2026-03-15 11:45:49.446721,71,51.02451630240299,71.35273641250845,0,11,Sunday,day
2026-03-15 11:45:49.446721,72,51.04016440176024,71.46722541521306,0,11,Sunday,day
2026-03-15 11:45:49.446721,73,51.11751431301528,71.48320906412673,0,11,Sunday,day
2026-03-15 11:45:49.446721,74,51.18835432355766,71.45310951131856,0,11,Sunday,day
2026-03-15 11:45:49.446721,75,51.18678613081895,71.35282153151377,0,11,Sunday,day
2026-03-15 11:45:49.446721,76,51.13622304306711,71.53694524557605,0,11,Sunday,day
2026-03-15 11:45:49.446721,77,51.14129162950199,71.3255451257611,0,11,Sunday,day
2026-03-15 11:45:49.446721,78,51.18680518434976,71.59762205452243,0,11,Sunday,day
2026-03-15 11:45:49.446721,79,51.1505081210004,71.62925839850524,0,11,Sunday,day
2026-03-15 11:45:49.446721,80,51.20768765465692,71.29204967241435,0,11,Sunday,day
2026-03-15 11:45:49.446721,81,51.16534700509554,71.44039876929997,0,11,Sunday,day
2026-03-15 11:45:49.446721,82,51.08843209365367,71.24516509366532,0,11,Sunday,day
2026-03-15 11:45:49.446721,83,51.12761763565773,71.61403797987685,0,11,Sunday,day
2026-03-15 11:45:49.446721,84,51.17370401093482,71.4824571573708,0,11,Sunday,day
2026-03-15 11:45:49.446721,85,51.14391393319962,71.47404297778942,0,11,Sunday,day
2026-03-15 11:45:49.446721,86,51.06324543747171,71.39320338025196,0,11,Sunday,day
2026-03-15 11:45:49.446721,87,51.15825536307778,71.44354659208335,0,11,Sunday,day
2026-03-15 11:45:49.446721,88,51.26572705641021,71.44384554166473,0,11,Sunday,day
2026-03-15 11:45:49.446721,89,51.22803156938488,71.32593950582113,0,11,Sunday,day
2026-03-15 11:45:49.446721,90,51.09811348132588,71.40823262904298,0,11,Sunday,day
2026-03-15 11:45:49.446721,91,51.1354864285914,71.44114506830914,0,11,Sunday,day
2026-03-15 11:45:49.446721,92,51.16312991289578,71.26638510469999,0,11,Sunday,day
2026-03-15 11:45:49.446721,93,51.07513765467375,71.57776254105998,0,11,Sunday,day
2026-03-15 11:45:49.446721,94,51.0532521111503,71.52854576111368,0,11,Sunday,day
2026-03-15 11:45:49.446721,95,51.13793493640637,71.24112259907129,0,11,Sunday,day
2026-03-15 11:45:49.446721,96,51.17052109538131,71.27704552373054,0,11,Sunday,day
2026-03-15 11:45:49.446721,97,51.19911687671599,71.47802391622615,0,11,Sunday,day
2026-03-15 11:45:49.446721,98,51.20362036824107,71.48845085776307,0,11,Sunday,day
2026-03-15 11:45:49.446721,99,51.1150047096714,71.67218195540966,0,11,Sunday,day
2026-03-15 11:45:49.446721,100,51.09707529999999,71.471553,0,11,Sunday,day
2026-03-15 12:31:37.940829,1,51.129997002139326,71.43493875587703,0,12,Sunday,day
2026-03-15 12:31:37.940829,2,51.12056235244784,71.4595900478725,0,12,Sunday,day
2026-03-15 12:31:37.940829,3,51.13045235070032,71.45163906334658,0,12,Sunday,day
2026-03-15 12:31:37.940829,4,51.11902468326067,71.40164795547807,0,12,Sunday,day
2026-03-15 12:31:37.940829,5,51.13633181921887,71.46723039978559,0,12,Sunday,day
2026-03-15 12:31:37.940829,6,51.12425371408352,71.42270702895317,0,12,Sunday,day
2026-03-15 12:31:37.940829,7,51.15688693523335,71.47993127094121,0,12,Sunday,day
2026-03-15 12:31:37.940829,8,51.1474977520045,71.38018379834575,0,12,Sunday,day
2026-03-15 12:31:37.940829,9,51.13300460392041,71.41430075570399,0,12,Sunday,day
2026-03-15 12:31:37.940829,10,51.11941566179587,71.47102989812034,0,12,Sunday,day
2026-03-15 12:31:37.940829,11,51.09790180538443,71.59652494184468,0,12,Sunday,day
2026-03-15 12:31:37.940829,12,51.1499134598317,71.41270968027483,0,12,Sunday,day
2026-03-15 12:31:37.940829,13,51.15345729544345,71.43281672167949,0,12,Sunday,day
2026-03-15 12:31:37.940829,14,51.108601415685165,71.46275845922898,0,12,Sunday,day
2026-03-15 12:31:37.940829,15,51.23664608671714,71.56105555792736,0,12,Sunday,day
2026-03-15 12:31:37.940829,16,51.084320668757286,71.58521209792805,0,12,Sunday,day
2026-03-15 12:31:37.940829,17,51.16797263634855,71.62065444916988,0,12,Sunday,day
2026-03-15 12:31:37.940829,18,51.02545803175862,71.33229201644178,0,12,Sunday,day
2026-03-15 12:31:37.940829,19,51.15282951968359,71.49063208882426,0,12,Sunday,day
2026-03-15 12:31:37.940829,20,51.09869367650813,71.23891767359538,0,12,Sunday,day
2026-03-15 12:31:37.940829,21,51.149574078909495,71.36074957998323,0,12,Sunday,day
2026-03-15 12:31:37.940829,22,51.2016033377671,71.30533507963851,0,12,Sunday,day
2026-03-15 12:31:37.940829,23,51.25829559300119,71.3892400677479,0,12,Sunday,day
2026-03-15 12:31:37.940829,24,51.15052610378445,71.45674579649749,0,12,Sunday,day
2026-03-15 12:31:37.940829,25,51.18066663295088,71.44296258228712,0,12,Sunday,day
2026-03-15 12:31:37.940829,26,51.26293276766118,71.46072607144143,0,12,Sunday,day
2026-03-15 12:31:37.940829,27,51.14186262990609,71.48464224667617,0,12,Sunday,day
2026-03-15 12:31:37.940829,28,51.138292479047145,71.40011345151218,0,12,Sunday,day
2026-03-15 12:31:37.940829,29,51.06452782333768,71.259951045057,0,12,Sunday,day
2026-03-15 12:31:37.940829,30,51.12393551035743,71.41271371008821,0,12,Sunday,day
2026-03-15 12:31:37.940829,31,51.055179145917215,71.54425284281608,0,12,Sunday,day
2026-03-15 12:31:37.940829,32,51.13885345542799,71.5271881947702,0,12,Sunday,day
2026-03-15 12:31:37.940829,33,51.04065995396283,71.27422642372176,0,12,Sunday,day
2026-03-15 12:31:37.940829,34,51.09980718649101,71.42839390352944,0,12,Sunday,day
2026-03-15 12:31:37.940829,35,51.07133628397446,71.39438164392797,0,12,Sunday,day
2026-03-15 12:31:37.940829,36,51.07612420917142,71.38744405113056,0,12,Sunday,day
2026-03-15 12:31:37.940829,37,51.25411425161103,71.50057970359852,0,12,Sunday,day
2026-03-15 12:31:37.940829,38,51.127954623230885,71.49363873911588,0,12,Sunday,day
2026-03-15 12:31:37.940829,39,51.06566359238193,71.56858487381702,0,12,Sunday,day
2026-03-15 12:31:37.940829,40,51.0501418013827,71.49979121443306,0,12,Sunday,day
2026-03-15 12:31:37.940829,41,51.14443060192252,71.42078652892864,0,12,Sunday,day
2026-03-15 12:31:37.940829,42,51.14884303708029,71.50102425895071,0,12,Sunday,day
2026-03-15 12:31:37.940829,43,51.10996469587565,71.39840229519473,0,12,Sunday,day
2026-03-15 12:31:37.940829,44,51.02155898199707,71.38320098382663,0,12,Sunday,day
2026-03-15 12:31:37.940829,45,51.12805230803853,71.46778946703212,0,12,Sunday,day
2026-03-15 12:31:37.940829,46,51.10478922721147,71.2350502456988,0,12,Sunday,day
2026-03-15 12:31:37.940829,47,51.14800249704062,71.44472220103003,0,12,Sunday,day
2026-03-15 12:31:37.940829,48,51.16769091123584,71.4084951354207,0,12,Sunday,day
2026-03-15 12:31:37.940829,49,51.11730144114723,71.49794117824175,0,12,Sunday,day
2026-03-15 12:31:37.940829,50,51.14585163712196,71.33974327515008,0,12,Sunday,day
2026-03-15 12:31:37.940829,51,51.02390887193969,71.41642105300355,0,12,Sunday,day
2026-03-15 12:31:37.940829,52,51.211705114558136,71.31594858711016,0,12,Sunday,day
2026-03-15 12:31:37.940829,53,51.05498201751052,71.39029098353035,0,12,Sunday,day
2026-03-15 12:31:37.940829,54,51.08600000469821,71.39006702588605,0,12,Sunday,day
2026-03-15 12:31:37.940829,55,51.261350429685066,71.4073959988934,0,12,Sunday,day
2026-03-15 12:31:37.940829,56,51.11549200957015,71.42364108883535,0,12,Sunday,day
2026-03-15 12:31:37.940829,57,51.251935130521126,71.35146655868839,0,12,Sunday,day
2026-03-15 12:31:37.940829,58,51.15090904434154,71.24924262918628,0,12,Sunday,day
2026-03-15 12:31:37.940829,59,51.17243039908839,71.43411378095867,0,12,Sunday,day
2026-03-15 12:31:37.940829,60,51.028331219442,71.43194760080789,0,12,Sunday,day
2026-03-15 12:31:37.940829,61,51.13074744105317,71.5955789764039,0,12,Sunday,day
2026-03-15 12:31:37.940829,62,51.19478542817195,71.30148890190402,0,12,Sunday,day
2026-03-15 12:31:37.940829,63,51.1227760102981,71.28967343691868,0,12,Sunday,day
2026-03-15 12:31:37.940829,64,51.04799920540874,71.27002075288999,0,12,Sunday,day
2026-03-15 12:31:37.940829,65,51.10971695546688,71.43195745152866,0,12,Sunday,day
2026-03-15 12:31:37.940829,66,51.15826003104071,71.46205856275873,0,12,Sunday,day
2026-03-15 12:31:37.940829,67,51.16471433399228,71.42128013864955,0,12,Sunday,day
2026-03-15 12:31:37.940829,68,51.17682173479961,71.61628633975013,0,12,Sunday,day
2026-03-15 12:31:37.940829,69,51.12402381530179,71.63566095438198,0,12,Sunday,day
2026-03-15 12:31:37.940829,70,51.13787489088676,71.62995752363861,0,12,Sunday,day
2026-03-15 12:31:37.940829,71,51.02451630240299,71.35273641250845,0,12,Sunday,day
2026-03-15 12:31:37.940829,72,51.04016440176024,71.46722541521306,0,12,Sunday,day
2026-03-15 12:31:37.940829,73,51.11751431301528,71.48320906412673,0,12,Sunday,day
2026-03-15 12:31:37.940829,74,51.18835432355766,71.45310951131856,0,12,Sunday,day
2026-03-15 12:31:37.940829,75,51.18678613081895,71.35282153151377,0,12,Sunday,day
2026-03-15 12:31:37.940829,76,51.13622304306711,71.53694524557605,0,12,Sunday,day
2026-03-15 12:31:37.940829,77,51.14129162950199,71.3255451257611,0,12,Sunday,day
2026-03-15 12:31:37.940829,78,51.18680518434976,71.59762205452243,0,12,Sunday,day
2026-03-15 12:31:37.940829,79,51.1505081210004,71.62925839850524,0,12,Sunday,day
2026-03-15 12:31:37.940829,80,51.20768765465692,71.29204967241435,0,12,Sunday,day
2026-03-15 12:31:37.940829,81,51.16534700509554,71.44039876929997,0,12,Sunday,day
2026-03-15 12:31:37.940829,82,51.08843209365367,71.24516509366532,0,12,Sunday,day
2026-03-15 12:31:37.940829,83,51.12761763565773,71.61403797987685,0,12,Sunday,day
2026-03-15 12:31:37.940829,84,51.17370401093482,71.4824571573708,0,12,Sunday,day
2026-03-15 12:31:37.940829,85,51.14391393319962,71.47404297778942,0,12,Sunday,day
2026-03-15 12:31:37.940829,86,51.06324543747171,71.39320338025196,0,12,Sunday,day
2026-03-15 12:31:37.940829,87,51.15825536307778,71.44354659208335,0,12,Sunday,day
2026-03-15 12:31:37.940829,88,51.26572705641021,71.44384554166473,0,12,Sunday,day
2026-03-15 12:31:37.940829,89,51.22803156938488,71.32593950582113,0,12,Sunday,day
2026-03-15 12:31:37.940829,90,51.09811348132588,71.40823262904298,0,12,Sunday,day
2026-03-15 12:31:37.940829,91,51.1354864285914,71.44114506830914,0,12,Sunday,day
2026-03-15 12:31:37.940829,92,51.16312991289578,71.26638510469999,0,12,Sunday,day
2026-03-15 12:31:37.940829,93,51.07513765467375,71.57776254105998,0,12,Sunday,day
2026-03-15 12:31:37.940829,94,51.0532521111503,71.52854576111368,0,12,Sunday,day
2026-03-15 12:31:37.940829,95,51.13793493640637,71.24112259907129,0,12,Sunday,day
2026-03-15 12:31:37.940829,96,51.17052109538131,71.27704552373054,0,12,Sunday,day
2026-03-15 12:31:37.940829,97,51.19911687671599,71.47802391622615,0,12,Sunday,day
2026-03-15 12:31:37.940829,98,51.20362036824107,71.48845085776307,0,12,Sunday,day
2026-03-15 12:31:37.940829,99,51.1150047096714,71.67218195540966,0,12,Sunday,day
2026-03-15 12:31:37.940829,100,51.09707529999999,71.471553,0,12,Sunday,day
